file_path,label
00000544-AUDIO-2022-08-26-14-16-00,0
00000545-AUDIO-2022-08-26-14-17-14,0
00000889-AUDIO-2022-08-28-23-13-41,0
00001081-AUDIO-2022-08-30-14-41-39,1
00001107-AUDIO-2022-08-31-01-57-37,1
00001436-AUDIO-2022-09-02-10-39-05,0
00001528-AUDIO-2022-09-02-13-59-02,1
00001529-AUDIO-2022-09-02-13-59-17,1
00001572-AUDIO-2022-09-02-16-52-43,0
00001646-AUDIO-2022-09-03-01-32-12,1
00001695-AUDIO-2022-09-03-12-08-42,1
00001696-AUDIO-2022-09-03-12-09-23,1
00001853-AUDIO-2022-09-03-21-13-09,0
00001928-AUDIO-2022-09-04-20-38-09,1
00001933-AUDIO-2022-09-04-20-41-09,1
00002004-AUDIO-2022-09-04-22-41-51,0
00002279-AUDIO-2022-09-05-18-59-01,1
00002305-AUDIO-2022-09-05-21-57-09,1
00002428-AUDIO-2022-09-06-12-20-10,1
00002429-AUDIO-2022-09-06-12-21-52,1
00002449-AUDIO-2022-09-06-14-09-31,0
00002559-AUDIO-2022-09-06-19-38-51,0
00002566-AUDIO-2022-09-06-19-39-49,0
00002678-AUDIO-2022-09-06-21-52-26,1
00002679-AUDIO-2022-09-06-21-55-46,1
00002680-AUDIO-2022-09-06-21-56-37,1
00002756-AUDIO-2022-09-07-14-18-42,0
00002793-AUDIO-2022-09-07-16-17-08,1
00002927-AUDIO-2022-09-08-20-15-54,0
00003336-AUDIO-2022-09-09-18-42-22,0
00004288-AUDIO-2022-09-13-18-05-25,1
00004295-AUDIO-2022-09-13-18-42-42,0
00004412-AUDIO-2022-09-14-14-02-53,0
00004775-AUDIO-2022-09-15-19-40-52,1
00004909-AUDIO-2022-09-16-15-50-25,1
00005262-AUDIO-2022-09-18-17-00-14,0
00005515-AUDIO-2022-09-20-12-01-34,0
00005525-AUDIO-2022-09-20-14-48-12,1
00005527-AUDIO-2022-09-20-14-50-06,1
00005528-AUDIO-2022-09-20-14-50-34,1
00005535-AUDIO-2022-09-20-17-18-02,1
00005536-AUDIO-2022-09-20-17-18-43,1
00005712-AUDIO-2022-09-21-12-28-48,1
00005850-AUDIO-2022-09-22-18-10-56,1
00005915-AUDIO-2022-09-22-21-34-00,1
00006020-AUDIO-2022-09-23-14-31-50,1
00006025-AUDIO-2022-09-23-14-55-46,1
00006026-AUDIO-2022-09-23-14-56-04,1
00006027-AUDIO-2022-09-23-14-56-50,1
00006366-AUDIO-2022-09-25-18-03-17,1
00006367-AUDIO-2022-09-25-18-04-22,1
00006584-AUDIO-2022-09-26-20-47-56,1
00006585-AUDIO-2022-09-26-20-48-03,1
00006588-AUDIO-2022-09-26-20-49-46,0
00006749-AUDIO-2022-09-27-15-01-10,1
00006868-AUDIO-2022-09-27-23-42-43,1
00006874-AUDIO-2022-09-27-23-44-26,1
00006880-AUDIO-2022-09-27-23-45-17,1
00007023-AUDIO-2022-09-28-14-00-50,1
00007033-AUDIO-2022-09-28-14-37-32,1
00007148-AUDIO-2022-09-29-13-09-50,1
00007149-AUDIO-2022-09-29-13-10-03,1
00007178-AUDIO-2022-09-29-17-17-03,1
00007232-AUDIO-2022-09-30-16-15-25,0
00007395-AUDIO-2022-10-01-18-45-29,1
00007658-AUDIO-2022-10-03-00-04-02,1
00007659-AUDIO-2022-10-03-00-04-21,1
00007680-AUDIO-2022-10-03-00-51-30,1
00008166-AUDIO-2022-10-04-17-10-47,1
00008171-AUDIO-2022-10-04-17-11-25,1
00008331-AUDIO-2022-10-05-00-51-51,1
00008334-AUDIO-2022-10-05-00-55-02,1
00008335-AUDIO-2022-10-05-00-55-48,1
00008395-AUDIO-2022-10-05-01-09-15,1
00008419-AUDIO-2022-10-05-01-11-30,1
00008540-AUDIO-2022-10-05-18-31-26,1
00008549-AUDIO-2022-10-05-19-28-08,1
00008581-AUDIO-2022-10-05-23-00-21,1
00009070-AUDIO-2022-10-06-21-41-48,0
00009079-AUDIO-2022-10-06-22-27-53,1
00009215-AUDIO-2022-10-07-14-34-46,1
00009227-AUDIO-2022-10-07-16-35-39,1
00009264-AUDIO-2022-10-07-20-32-29,0
00009637-AUDIO-2022-10-09-21-00-06,0
00009667-AUDIO-2022-10-09-21-19-45,1
00009763-AUDIO-2022-10-10-14-46-18,1
00009853-AUDIO-2022-10-10-15-02-01,1
00009918-AUDIO-2022-10-10-21-04-45,0
00010060-AUDIO-2022-10-11-13-07-15,1
00010061-AUDIO-2022-10-11-13-08-23,1
00010092-AUDIO-2022-10-11-16-16-42,0
00010099-AUDIO-2022-10-11-23-11-25,1
00010356-AUDIO-2022-10-12-22-08-19,1
00010357-AUDIO-2022-10-12-22-12-19,0
00010787-AUDIO-2022-10-15-10-55-10,1
00010806-AUDIO-2022-10-15-19-42-21,0
00010883-AUDIO-2022-10-15-23-02-45,1
00011127-AUDIO-2022-10-16-18-22-28,0
00011233-AUDIO-2022-10-17-09-55-23,0
00011278-AUDIO-2022-10-17-13-12-57,1
00011340-AUDIO-2022-10-17-18-00-50,1
00011342-AUDIO-2022-10-17-20-24-00,0
00011514-AUDIO-2022-10-18-15-46-46,1
00011529-AUDIO-2022-10-18-17-46-42,1
00011548-AUDIO-2022-10-18-18-11-00,0
00011549-AUDIO-2022-10-18-18-11-47,0
00011937-AUDIO-2022-10-20-13-05-54,1
00011966-AUDIO-2022-10-20-17-14-12,1
00011975-AUDIO-2022-10-20-17-14-59,1
00012009-AUDIO-2022-10-20-19-10-06,0
00012010-AUDIO-2022-10-20-19-10-28,0
00012019-AUDIO-2022-10-20-19-12-35,0
00012217-AUDIO-2022-10-21-17-30-54,1
00012320-AUDIO-2022-10-21-18-59-53,1
00012340-AUDIO-2022-10-21-20-06-49,0
00012341-AUDIO-2022-10-21-20-07-02,0
00012350-AUDIO-2022-10-21-20-08-23,0
00012454-AUDIO-2022-10-22-01-01-37,1
00012609-AUDIO-2022-10-22-18-19-44,0
00012653-AUDIO-2022-10-22-19-10-05,0
00012695-AUDIO-2022-10-22-21-17-50,1
00012828-AUDIO-2022-10-23-17-42-47,1
00012842-AUDIO-2022-10-23-17-46-01,0
00012850-AUDIO-2022-10-23-17-47-25,0
00012975-AUDIO-2022-10-23-23-12-18,1
00013088-AUDIO-2022-10-24-14-10-10,1
00013192-AUDIO-2022-10-24-20-45-27,1
00013202-AUDIO-2022-10-24-20-47-52,1
00013314-AUDIO-2022-10-25-00-27-57,1
00013418-AUDIO-2022-10-25-13-03-47,1
00013450-AUDIO-2022-10-25-14-51-41,1
00013555-AUDIO-2022-10-25-19-18-53,0
00013556-AUDIO-2022-10-25-19-19-36,0
00013595-AUDIO-2022-10-25-20-38-21,1
00013795-AUDIO-2022-10-26-15-11-06,0
00013813-AUDIO-2022-10-26-15-39-23,0
00013916-AUDIO-2022-10-27-09-23-33,0
00013971-AUDIO-2022-10-27-15-02-47,0
00013982-AUDIO-2022-10-27-15-31-02,1
00014006-AUDIO-2022-10-27-15-46-50,1
00014007-AUDIO-2022-10-27-16-12-03,1
00014069-AUDIO-2022-10-27-20-29-04,1
00014071-AUDIO-2022-10-27-22-33-48,0
00014182-AUDIO-2022-10-28-11-34-57,1
00014199-AUDIO-2022-10-28-12-15-34,1
00014242-AUDIO-2022-10-28-16-13-35,0
00014267-AUDIO-2022-10-28-19-22-27,1
00014284-AUDIO-2022-10-28-21-01-03,0
00014285-AUDIO-2022-10-28-21-01-30,0
00014291-AUDIO-2022-10-28-21-18-54,1
00014342-AUDIO-2022-10-29-14-00-02,0
00014370-AUDIO-2022-10-29-16-15-43,0
00014380-AUDIO-2022-10-29-18-10-46,1
00014622-AUDIO-2022-10-31-13-22-31,1
00014623-AUDIO-2022-10-31-13-23-49,1
00014624-AUDIO-2022-10-31-13-24-56,1
00014640-AUDIO-2022-10-31-15-01-12,1
00014662-AUDIO-2022-10-31-18-06-35,0
00014674-AUDIO-2022-10-31-18-53-30,1
00014827-AUDIO-2022-11-01-09-46-45,0
00014836-AUDIO-2022-11-01-13-17-40,1
00014883-AUDIO-2022-11-01-16-54-13,1
00015017-AUDIO-2022-11-02-16-11-04,1
00015066-AUDIO-2022-11-02-18-38-41,0
00015067-AUDIO-2022-11-02-18-39-51,0
00015203-AUDIO-2022-11-03-11-33-14,0
00015211-AUDIO-2022-11-03-11-44-51,1
00015237-AUDIO-2022-11-03-14-56-17,1
00015238-AUDIO-2022-11-03-14-56-44,1
00016005-AUDIO-2022-11-07-23-23-20,0
00016033-AUDIO-2022-11-08-00-52-57,1
00016035-AUDIO-2022-11-08-00-55-00,1
00016244-AUDIO-2022-11-08-15-05-02,1
00016293-AUDIO-2022-11-08-18-58-53,1
00016319-AUDIO-2022-11-08-21-02-39,0
00016339-AUDIO-2022-11-08-23-22-03,0
00016558-AUDIO-2022-11-09-23-56-17,0
00016764-AUDIO-2022-11-10-19-59-29,1
00016765-AUDIO-2022-11-10-19-59-35,1
00016901-AUDIO-2022-11-11-14-14-44,1
00016902-AUDIO-2022-11-11-14-16-37,1
00016998-AUDIO-2022-11-11-23-01-15,0
00017000-AUDIO-2022-11-11-23-01-23,0
00017069-AUDIO-2022-11-12-12-54-21,0
00017070-AUDIO-2022-11-12-12-56-06,0
00017410-AUDIO-2022-11-13-12-46-57,0
00017454-AUDIO-2022-11-13-16-35-47,1
00017466-AUDIO-2022-11-13-19-38-15,0
00017537-AUDIO-2022-11-14-10-53-51,1
00017570-AUDIO-2022-11-14-16-58-56,1
00017667-AUDIO-2022-11-15-07-23-25,1
00017737-AUDIO-2022-11-15-19-55-16,1
00017906-AUDIO-2022-11-16-02-15-27,0
00017910-AUDIO-2022-11-16-08-15-15,1
00017911-AUDIO-2022-11-16-08-15-20,1
00017912-AUDIO-2022-11-16-08-15-41,1
00017913-AUDIO-2022-11-16-10-29-28,1
00017925-AUDIO-2022-11-16-11-28-25,0
00017958-AUDIO-2022-11-16-17-16-17,1
00017959-AUDIO-2022-11-16-17-16-37,1
00017983-AUDIO-2022-11-16-17-19-58,1
00018366-AUDIO-2022-11-17-21-51-17,0
00018428-AUDIO-2022-11-18-13-33-29,0
00018462-AUDIO-2022-11-18-18-03-43,1
00018528-AUDIO-2022-11-18-22-24-24,1
00018573-AUDIO-2022-11-19-10-28-20,0
00018609-AUDIO-2022-11-19-11-29-48,1
00018799-AUDIO-2022-11-20-05-41-55,0
00018800-AUDIO-2022-11-20-05-41-59,0
00018926-AUDIO-2022-11-21-14-48-25,1
00019098-AUDIO-2022-11-22-15-57-59,1
00019099-AUDIO-2022-11-22-16-00-24,1
00019100-AUDIO-2022-11-22-16-01-51,1
00019200-AUDIO-2022-11-22-18-47-42,0
00019229-AUDIO-2022-11-22-19-06-34,0
00019236-AUDIO-2022-11-22-19-42-50,0
00019351-AUDIO-2022-11-23-13-14-17,1
00019376-AUDIO-2022-11-23-16-44-21,0
00019379-AUDIO-2022-11-23-18-59-47,1
00019442-AUDIO-2022-11-23-19-44-05,1
00019458-AUDIO-2022-11-23-22-03-22,0
00019543-AUDIO-2022-11-24-10-19-57,1
00019713-AUDIO-2022-11-25-10-03-05,0
00019861-AUDIO-2022-11-28-09-39-25,0
00020128-AUDIO-2022-11-29-12-39-25,1
00020143-AUDIO-2022-11-29-13-12-24,0
00020172-AUDIO-2022-11-29-18-27-01,0
00020175-AUDIO-2022-11-29-19-13-18,1
00020204-AUDIO-2022-11-29-19-18-21,0
00020206-AUDIO-2022-11-29-19-18-39,0
00020242-AUDIO-2022-11-29-21-57-00,0
00020284-AUDIO-2022-11-30-08-22-16,1
00020303-AUDIO-2022-11-30-10-54-31,1
00020307-AUDIO-2022-11-30-10-55-27,1
00020317-AUDIO-2022-11-30-13-53-09,0
00020422-AUDIO-2022-11-30-22-33-43,0
00020463-AUDIO-2022-12-01-00-09-05,1
00020576-AUDIO-2022-12-01-14-59-38,1
00020580-AUDIO-2022-12-01-15-33-07,1
00020581-AUDIO-2022-12-01-15-34-54,1
00020618-AUDIO-2022-12-01-22-31-02,0
00020619-AUDIO-2022-12-01-22-33-12,0
00020620-AUDIO-2022-12-01-22-33-37,0
00020621-AUDIO-2022-12-01-22-34-26,0
00020638-AUDIO-2022-12-01-22-46-48,0
00020650-AUDIO-2022-12-01-22-48-57,0
00020717-AUDIO-2022-12-02-12-52-09,0
00020718-AUDIO-2022-12-02-13-01-23,0
00020833-AUDIO-2022-12-02-22-21-32,0
00020837-AUDIO-2022-12-02-23-26-14,1
00020874-AUDIO-2022-12-03-00-44-04,0
00020935-AUDIO-2022-12-03-14-06-15,0
00020936-AUDIO-2022-12-03-14-06-44,0
00020972-AUDIO-2022-12-03-17-07-09,1
00020973-AUDIO-2022-12-03-17-07-31,1
00020974-AUDIO-2022-12-03-17-08-43,1
00021161-AUDIO-2022-12-04-07-37-25,1
00021373-AUDIO-2022-12-05-10-10-37,1
00021480-AUDIO-2022-12-05-11-50-21,1
00021538-AUDIO-2022-12-05-16-03-02,1
00021554-AUDIO-2022-12-05-19-41-49,0
00021559-AUDIO-2022-12-05-19-43-56,0
00021600-AUDIO-2022-12-05-21-19-15,1
00021602-AUDIO-2022-12-05-21-19-32,1
00021614-AUDIO-2022-12-05-22-26-42,0
00021634-AUDIO-2022-12-05-23-23-10,1
00021647-AUDIO-2022-12-06-01-02-24,0
00021718-AUDIO-2022-12-06-13-56-26,0
00021727-AUDIO-2022-12-06-14-25-44,1
00021728-AUDIO-2022-12-06-14-26-02,1
00021867-AUDIO-2022-12-06-19-05-41,1
00021993-AUDIO-2022-12-07-10-53-55,1
00021997-AUDIO-2022-12-07-12-52-08,0
00022012-AUDIO-2022-12-07-13-47-36,1
00022014-AUDIO-2022-12-07-14-23-56,1
00022078-AUDIO-2022-12-07-19-25-11,1
00022121-AUDIO-2022-12-07-19-31-41,1
00022186-AUDIO-2022-12-08-11-25-00,1
00022196-AUDIO-2022-12-08-14-02-27,1
00022206-AUDIO-2022-12-08-14-41-15,1
00022207-AUDIO-2022-12-08-14-41-29,1
00022219-AUDIO-2022-12-08-17-07-48,1
00022229-AUDIO-2022-12-08-17-41-48,0
00022249-AUDIO-2022-12-08-18-00-22,0
00022251-AUDIO-2022-12-08-18-01-19,0
00022306-AUDIO-2022-12-09-08-21-39,1
00022333-AUDIO-2022-12-09-13-37-52,1
00022334-AUDIO-2022-12-09-13-39-02,1
00022390-AUDIO-2022-12-09-16-28-17,1
00022421-AUDIO-2022-12-09-17-21-15,0
00022438-AUDIO-2022-12-09-21-32-00,1
00022589-AUDIO-2022-12-10-21-20-35,1
00022762-AUDIO-2022-12-11-19-24-00,1
00022820-AUDIO-2022-12-12-13-25-54,0
00022833-AUDIO-2022-12-12-14-09-24,0
00022877-AUDIO-2022-12-12-14-57-22,0
00022883-AUDIO-2022-12-12-15-03-50,1
00022885-AUDIO-2022-12-12-15-04-14,1
00022889-AUDIO-2022-12-12-15-04-45,1
00022903-AUDIO-2022-12-12-18-11-34,1
00022904-AUDIO-2022-12-12-19-53-40,1
00022928-AUDIO-2022-12-12-22-18-57,1
00022929-AUDIO-2022-12-12-22-19-09,1
00022967-AUDIO-2022-12-12-23-58-24,1
00023023-AUDIO-2022-12-13-14-01-08,1
00023032-AUDIO-2022-12-13-14-03-03,1
00023046-AUDIO-2022-12-13-15-08-59,1
00023055-AUDIO-2022-12-13-15-59-38,1
00023081-AUDIO-2022-12-13-17-23-02,0
00023139-AUDIO-2022-12-14-09-14-26,1
00023142-AUDIO-2022-12-14-09-15-21,1
00023166-AUDIO-2022-12-14-16-57-51,1
00023167-AUDIO-2022-12-14-16-59-30,1
00023168-AUDIO-2022-12-14-17-01-56,1
00023290-AUDIO-2022-12-14-23-29-20,0
00023327-AUDIO-2022-12-15-13-55-45,1
00023360-AUDIO-2022-12-15-14-09-59,1
00023401-AUDIO-2022-12-15-14-59-23,1
00023442-AUDIO-2022-12-15-18-56-49,1
00023591-AUDIO-2022-12-16-11-12-38,1
00023592-AUDIO-2022-12-16-11-14-00,1
00023624-AUDIO-2022-12-16-18-06-17,0
00023637-AUDIO-2022-12-16-18-45-27,0
00023641-AUDIO-2022-12-16-18-46-27,0
00023667-AUDIO-2022-12-16-18-56-57,1
00023778-AUDIO-2022-12-17-04-18-58,0
00023780-AUDIO-2022-12-17-06-03-51,0
00023792-AUDIO-2022-12-17-10-40-59,1
00023796-AUDIO-2022-12-17-13-42-07,0
00023909-AUDIO-2022-12-17-21-23-11,0
00023911-AUDIO-2022-12-17-22-08-12,1
00023912-AUDIO-2022-12-17-22-09-36,1
00024011-AUDIO-2022-12-18-10-52-59,0
00024047-AUDIO-2022-12-18-12-49-51,0
00024154-AUDIO-2022-12-18-14-47-49,1
00024250-AUDIO-2022-12-18-19-11-05,1
00024316-AUDIO-2022-12-18-20-47-10,0
00024402-AUDIO-2022-12-19-08-06-46,1
00024413-AUDIO-2022-12-19-11-21-44,0
00024423-AUDIO-2022-12-19-14-12-01,1
00024450-AUDIO-2022-12-19-17-05-28,1
00024557-AUDIO-2022-12-20-09-54-48,0
00024617-AUDIO-2022-12-20-12-35-42,0
00024719-AUDIO-2022-12-21-09-50-37,1
00024735-AUDIO-2022-12-21-13-05-30,1
00024738-AUDIO-2022-12-21-13-08-33,1
00024760-AUDIO-2022-12-21-13-24-11,0
00024793-AUDIO-2022-12-21-13-28-09,1
00024796-AUDIO-2022-12-21-13-29-17,1
00024835-AUDIO-2022-12-21-13-33-10,0
00024839-AUDIO-2022-12-21-13-34-08,0
00024889-AUDIO-2022-12-21-15-43-23,1
00024935-AUDIO-2022-12-21-18-28-37,1
00024945-AUDIO-2022-12-21-19-38-08,1
00024955-AUDIO-2022-12-21-20-51-22,1
00025020-AUDIO-2022-12-22-10-37-33,0
00025353-AUDIO-2022-12-23-13-05-19,1
00025568-AUDIO-2022-12-24-15-10-55,0
00025613-AUDIO-2022-12-24-21-24-32,0
00026133-AUDIO-2022-12-26-23-35-46,0
00026306-AUDIO-2022-12-27-16-36-22,1
00026479-AUDIO-2022-12-28-17-10-15,1
00026634-AUDIO-2022-12-29-13-29-21,0
00026639-AUDIO-2022-12-29-14-14-48,1
00026640-AUDIO-2022-12-29-14-15-07,1
00026753-AUDIO-2022-12-30-11-58-44,1
00026822-AUDIO-2022-12-30-18-42-24,1
00026838-AUDIO-2022-12-31-00-24-51,0
00026859-AUDIO-2022-12-31-01-10-16,1
00026962-AUDIO-2022-12-31-13-09-02,0
00027663-AUDIO-2023-01-02-20-40-34,1
00027665-AUDIO-2023-01-02-20-42-12,1
00027709-AUDIO-2023-01-03-00-02-08,0
00027851-AUDIO-2023-01-03-20-36-20,0
00027924-AUDIO-2023-01-04-10-03-58,1
00027925-AUDIO-2023-01-04-10-04-29,1
00027935-AUDIO-2023-01-04-12-37-46,0
00028086-AUDIO-2023-01-05-13-07-14,0
00028268-AUDIO-2023-01-06-14-19-41,1
00028285-AUDIO-2023-01-06-17-25-59,0
00028480-AUDIO-2023-01-07-13-50-55,0
00028482-AUDIO-2023-01-07-14-21-44,1
00028489-AUDIO-2023-01-07-14-23-36,1
00028621-AUDIO-2023-01-08-12-24-53,1
00028992-AUDIO-2023-01-09-22-41-39,0
00029093-AUDIO-2023-01-10-11-44-32,1
00029094-AUDIO-2023-01-10-11-44-52,1
00029232-AUDIO-2023-01-11-10-56-54,1
00029252-AUDIO-2023-01-11-13-23-18,1
00029253-AUDIO-2023-01-11-13-23-37,1
00029296-AUDIO-2023-01-11-23-38-35,0
00029306-AUDIO-2023-01-11-23-41-31,1
00029307-AUDIO-2023-01-11-23-43-51,1
00029308-AUDIO-2023-01-11-23-44-39,1
00029503-AUDIO-2023-01-12-22-22-15,1
00029504-AUDIO-2023-01-12-22-23-17,1
00029643-AUDIO-2023-01-13-12-02-18,1
00029786-AUDIO-2023-01-14-12-49-07,1
00029790-AUDIO-2023-01-14-16-24-14,1
00029791-AUDIO-2023-01-14-16-24-18,1
00029802-AUDIO-2023-01-14-17-14-48,0
00029830-AUDIO-2023-01-14-19-00-36,0
00029910-AUDIO-2023-01-15-13-09-33,1
00030128-AUDIO-2023-01-16-15-12-52,1
00030129-AUDIO-2023-01-16-15-14-23,1
00030205-AUDIO-2023-01-16-16-20-26,1
00030206-AUDIO-2023-01-16-16-20-39,1
00030287-AUDIO-2023-01-17-14-07-45,1
00030309-AUDIO-2023-01-17-15-55-08,1
00030317-AUDIO-2023-01-17-15-56-31,1
00030323-AUDIO-2023-01-17-17-38-25,0
00030341-AUDIO-2023-01-17-21-05-18,0
00030514-AUDIO-2023-01-18-14-30-47,1
00030527-AUDIO-2023-01-18-16-34-49,0
00030531-AUDIO-2023-01-18-17-29-10,1
00030807-AUDIO-2023-01-20-23-56-23,1
00030819-AUDIO-2023-01-21-01-16-41,1
00030825-AUDIO-2023-01-21-01-28-33,1
00030827-AUDIO-2023-01-21-01-28-46,1
00031204-AUDIO-2023-01-23-07-55-59,1
00031275-AUDIO-2023-01-23-13-42-39,1
00031276-AUDIO-2023-01-23-13-43-10,1
00031382-AUDIO-2023-01-23-15-33-45,1
00031476-AUDIO-2023-01-24-10-50-49,1
00031517-AUDIO-2023-01-24-16-08-05,0
00031523-AUDIO-2023-01-24-17-42-42,1
00031554-AUDIO-2023-01-24-19-19-09,0
00031826-AUDIO-2023-01-26-07-26-32,1
00031942-AUDIO-2023-01-27-05-00-59,1
00032290-AUDIO-2023-01-28-15-34-03,1
00032497-AUDIO-2023-01-29-04-05-51,1
00032609-AUDIO-2023-01-29-19-32-42,0
00032622-AUDIO-2023-01-29-21-03-07,1
00032701-AUDIO-2023-01-30-07-48-18,1
00032723-AUDIO-2023-01-30-09-44-46,0
00032774-AUDIO-2023-01-30-14-48-59,1
00032775-AUDIO-2023-01-30-14-49-33,1
00032867-AUDIO-2023-01-30-20-11-23,1
00032929-AUDIO-2023-01-31-14-20-43,1
00033023-AUDIO-2023-02-01-01-29-03,0
00033043-AUDIO-2023-02-01-11-19-15,1
00033080-AUDIO-2023-02-01-14-45-27,0
00033175-AUDIO-2023-02-02-10-07-51,0
00033190-AUDIO-2023-02-02-11-25-48,1
00033199-AUDIO-2023-02-02-22-29-08,0
00033204-AUDIO-2023-02-02-22-38-06,0
00033246-AUDIO-2023-02-02-22-58-02,0
00033257-AUDIO-2023-02-02-23-02-29,1
00033279-AUDIO-2023-02-02-23-40-09,1
00033280-AUDIO-2023-02-02-23-40-27,1
00033286-AUDIO-2023-02-03-00-13-01,1
00033307-AUDIO-2023-02-03-09-34-32,0
00033358-AUDIO-2023-02-03-15-03-39,1
00033435-AUDIO-2023-02-03-21-29-49,0
00033474-AUDIO-2023-02-04-15-48-32,1
00033492-AUDIO-2023-02-04-18-21-45,0
00033511-AUDIO-2023-02-04-20-46-12,1
00033513-AUDIO-2023-02-04-21-40-33,1
00033562-AUDIO-2023-02-05-01-58-15,1
00033592-AUDIO-2023-02-05-11-42-52,0
00033610-AUDIO-2023-02-05-12-39-17,1
00033656-AUDIO-2023-02-05-20-51-43,0
00033726-AUDIO-2023-02-06-11-25-47,1
00033727-AUDIO-2023-02-06-11-50-17,1
00033763-AUDIO-2023-02-06-17-20-17,1
00033790-AUDIO-2023-02-06-19-33-29,0
00033846-AUDIO-2023-02-06-20-39-07,1
00033861-AUDIO-2023-02-06-21-14-34,1
00033887-AUDIO-2023-02-06-23-49-22,1
00033974-AUDIO-2023-02-07-00-31-01,0
00033996-AUDIO-2023-02-07-08-39-49,1
00034002-AUDIO-2023-02-07-08-48-32,1
00034018-AUDIO-2023-02-07-12-02-00,0
00034019-AUDIO-2023-02-07-12-02-22,0
00034089-AUDIO-2023-02-07-15-28-01,0
00034161-AUDIO-2023-02-07-20-00-31,0
00034162-AUDIO-2023-02-07-20-01-06,0
00034186-AUDIO-2023-02-07-23-01-09,1
00034237-AUDIO-2023-02-08-13-36-36,0
00034250-AUDIO-2023-02-08-16-36-40,0
00034423-AUDIO-2023-02-09-11-24-12,1
00034425-AUDIO-2023-02-09-11-39-41,0
00034530-AUDIO-2023-02-09-22-10-19,0
00034583-AUDIO-2023-02-10-07-19-14,1
00034588-AUDIO-2023-02-10-09-16-35,0
00034600-AUDIO-2023-02-10-12-05-57,1
00034639-AUDIO-2023-02-10-15-19-09,0
00034649-AUDIO-2023-02-10-17-16-34,1
00034650-AUDIO-2023-02-10-17-16-39,1
00034673-AUDIO-2023-02-10-22-09-18,1
00034675-AUDIO-2023-02-10-22-59-33,0
00034678-AUDIO-2023-02-10-23-00-34,0
00034747-AUDIO-2023-02-11-13-14-51,1
00034748-AUDIO-2023-02-11-13-15-15,0
00034757-AUDIO-2023-02-11-13-45-03,1
00034861-AUDIO-2023-02-11-22-20-41,0
00034862-AUDIO-2023-02-11-22-21-31,0
00034937-AUDIO-2023-02-12-12-41-06,0
00034958-AUDIO-2023-02-12-17-22-17,0
00034990-AUDIO-2023-02-12-21-25-44,0
00035015-AUDIO-2023-02-12-23-48-40,1
00035038-AUDIO-2023-02-13-00-20-03,0
00035048-AUDIO-2023-02-13-00-54-01,1
00035116-AUDIO-2023-02-13-13-36-03,1
00035200-AUDIO-2023-02-13-16-42-18,1
00035201-AUDIO-2023-02-13-16-44-27,1
00035203-AUDIO-2023-02-13-18-06-35,1
00035393-AUDIO-2023-02-14-20-15-08,1
00035489-AUDIO-2023-02-15-20-12-57,0
00035507-AUDIO-2023-02-15-20-16-02,0
00035530-AUDIO-2023-02-15-20-34-05,0
00035542-AUDIO-2023-02-15-20-41-47,0
00035551-AUDIO-2023-02-15-20-42-22,0
00035629-AUDIO-2023-02-17-13-21-50,0
00035771-AUDIO-2023-02-19-20-54-13,1
00035804-AUDIO-2023-02-19-21-09-02,0
00035818-AUDIO-2023-02-19-23-48-01,0
00035821-AUDIO-2023-02-20-01-01-21,1
00035895-AUDIO-2023-02-20-14-05-25,1
00035896-AUDIO-2023-02-20-14-07-38,1
00035897-AUDIO-2023-02-20-14-08-11,1
00035898-AUDIO-2023-02-20-14-08-46,1
00035925-AUDIO-2023-02-20-17-51-49,1
00035930-AUDIO-2023-02-20-19-16-09,0
00035931-AUDIO-2023-02-20-19-16-34,0
00035932-AUDIO-2023-02-20-19-17-10,0
00035960-AUDIO-2023-02-20-20-39-46,1
00035961-AUDIO-2023-02-20-20-40-25,1
00036061-AUDIO-2023-02-21-10-43-30,1
00036074-AUDIO-2023-02-21-14-27-10,1
00036387-AUDIO-2023-02-22-14-24-12,1
00036418-AUDIO-2023-02-22-19-37-17,1
00036547-AUDIO-2023-02-23-13-33-26,0
00036553-AUDIO-2023-02-23-14-05-42,1
00036564-AUDIO-2023-02-23-14-08-03,1
00036687-AUDIO-2023-02-24-02-46-30,0
00036716-AUDIO-2023-02-24-12-59-01,1
00036723-AUDIO-2023-02-24-13-25-46,0
00036734-AUDIO-2023-02-24-14-42-36,1
00036736-AUDIO-2023-02-24-15-44-59,0
00036737-AUDIO-2023-02-24-15-45-51,0
00036768-AUDIO-2023-02-24-17-07-11,0
00036769-AUDIO-2023-02-24-17-07-34,0
00036833-AUDIO-2023-02-24-22-33-15,0
00036845-AUDIO-2023-02-24-23-08-55,1
00036937-AUDIO-2023-02-25-18-46-18,0
00036942-AUDIO-2023-02-25-18-47-16,0
00037040-AUDIO-2023-02-25-23-23-32,0
00037060-AUDIO-2023-02-25-23-26-01,0
00037077-AUDIO-2023-02-25-23-28-59,1
00037078-AUDIO-2023-02-25-23-30-20,0
00037137-AUDIO-2023-02-26-01-46-50,0
00037172-AUDIO-2023-02-26-11-35-18,1
00037235-AUDIO-2023-02-26-17-47-02,0
00037253-AUDIO-2023-02-26-21-10-22,1
00037257-AUDIO-2023-02-26-21-22-20,0
00037321-AUDIO-2023-02-27-08-05-13,1
00037460-AUDIO-2023-02-27-20-33-41,0
00037461-AUDIO-2023-02-27-20-55-37,0
00037472-AUDIO-2023-02-27-21-02-12,0
00037476-AUDIO-2023-02-27-21-02-41,0
00037530-AUDIO-2023-02-28-11-23-15,0
00037541-AUDIO-2023-02-28-12-35-10,1
00037542-AUDIO-2023-02-28-12-35-42,1
00037554-AUDIO-2023-02-28-16-21-35,0
00037568-AUDIO-2023-02-28-17-33-36,1
00037571-AUDIO-2023-02-28-20-46-18,1
00037630-AUDIO-2023-03-01-08-47-00,1
00037640-AUDIO-2023-03-01-09-51-22,1
00037737-AUDIO-2023-03-01-15-27-33,0
00037789-AUDIO-2023-03-01-20-58-41,1
00037851-AUDIO-2023-03-02-11-14-34,1
00037852-AUDIO-2023-03-02-11-15-05,1
00038233-AUDIO-2023-03-03-18-14-38,1
00038243-AUDIO-2023-03-03-20-35-13,1
00038244-AUDIO-2023-03-03-20-35-40,1
00038410-AUDIO-2023-03-04-21-39-56,0
00038444-AUDIO-2023-03-05-01-11-17,0
00038521-AUDIO-2023-03-05-15-03-25,1
00038592-AUDIO-2023-03-05-23-41-59,1
00038668-AUDIO-2023-03-06-10-16-52,1
00038683-AUDIO-2023-03-06-14-04-29,1
00038698-AUDIO-2023-03-06-14-23-32,0
00038804-AUDIO-2023-03-07-10-20-13,1
00038805-AUDIO-2023-03-07-12-47-26,1
00038892-AUDIO-2023-03-07-22-53-04,0
00038921-AUDIO-2023-03-07-23-00-01,1
00038964-AUDIO-2023-03-08-11-30-19,0
00038971-AUDIO-2023-03-08-14-15-26,1
00038993-AUDIO-2023-03-08-22-04-28,0
00038997-AUDIO-2023-03-08-22-15-44,1
00039042-AUDIO-2023-03-09-10-12-42,1
00039046-AUDIO-2023-03-09-14-33-25,0
00039047-AUDIO-2023-03-09-14-33-59,0
00039054-AUDIO-2023-03-09-15-48-45,1
00039134-AUDIO-2023-03-09-22-00-03,0
00039175-AUDIO-2023-03-10-09-53-44,0
00039184-AUDIO-2023-03-10-10-10-09,1
00039194-AUDIO-2023-03-10-13-25-54,0
00039241-AUDIO-2023-03-10-20-54-51,0
00039251-AUDIO-2023-03-10-21-44-05,1
00039252-AUDIO-2023-03-10-21-51-42,1
00039264-AUDIO-2023-03-10-22-41-57,0
00039337-AUDIO-2023-03-11-09-57-10,0
00039338-AUDIO-2023-03-11-10-32-49,0
00039360-AUDIO-2023-03-11-13-07-28,1
00039363-AUDIO-2023-03-11-13-10-11,1
00039364-AUDIO-2023-03-11-13-13-25,1
00039408-AUDIO-2023-03-11-15-37-10,1
00039414-AUDIO-2023-03-11-15-40-08,1
00039448-AUDIO-2023-03-11-20-14-16,0
00039517-AUDIO-2023-03-12-15-40-29,0
00039531-AUDIO-2023-03-12-16-13-28,1
00039552-AUDIO-2023-03-12-18-44-12,0
00039553-AUDIO-2023-03-12-18-51-19,0
00039644-AUDIO-2023-03-13-13-31-10,1
00039658-AUDIO-2023-03-13-17-52-22,0
00039727-AUDIO-2023-03-14-15-09-40,0
00039728-AUDIO-2023-03-14-15-14-10,0
00039776-AUDIO-2023-03-14-19-53-30,0
00039789-AUDIO-2023-03-14-20-32-47,1
00039790-AUDIO-2023-03-14-20-34-32,1
00039815-AUDIO-2023-03-15-10-12-08,1
00039824-AUDIO-2023-03-15-11-12-24,1
00039878-AUDIO-2023-03-15-19-29-03,1
00039947-AUDIO-2023-03-16-09-02-54,1
00040072-AUDIO-2023-03-17-17-36-52,1
00040073-AUDIO-2023-03-17-17-37-43,1
00040078-AUDIO-2023-03-17-18-59-42,0
00040091-AUDIO-2023-03-17-21-54-17,0
00040092-AUDIO-2023-03-17-21-54-32,0
00040101-AUDIO-2023-03-18-01-27-32,0
00040191-AUDIO-2023-03-18-03-54-03,1
00040197-AUDIO-2023-03-18-09-54-34,0
00040211-AUDIO-2023-03-18-11-02-38,1
00040212-AUDIO-2023-03-18-11-03-52,1
00040213-AUDIO-2023-03-18-11-05-25,1
00040224-AUDIO-2023-03-18-14-42-11,0
00040249-AUDIO-2023-03-18-18-23-01,0
00040302-AUDIO-2023-03-19-13-18-02,0
00040306-AUDIO-2023-03-19-14-27-28,1
00040363-AUDIO-2023-03-19-21-45-04,1
00040615-AUDIO-2023-03-21-08-32-29,1
00040954-AUDIO-2023-03-23-14-31-08,1
00040976-AUDIO-2023-03-23-19-01-38,0
00041055-AUDIO-2023-03-24-09-49-39,0
00041071-AUDIO-2023-03-24-14-04-05,1
00041154-AUDIO-2023-03-24-21-45-49,0
00041338-AUDIO-2023-03-25-18-26-13,1
00041515-AUDIO-2023-03-27-09-05-41,1
00041662-AUDIO-2023-03-28-11-47-01,0
00041673-AUDIO-2023-03-28-12-39-15,1
00041695-AUDIO-2023-03-28-14-52-15,0
00041707-AUDIO-2023-03-28-17-33-50,1
00041763-AUDIO-2023-03-28-17-45-09,1
00041813-AUDIO-2023-03-28-22-06-50,0
00041904-AUDIO-2023-03-29-23-38-38,0
00041988-AUDIO-2023-03-30-14-15-06,1
00042109-AUDIO-2023-03-30-23-07-40,0
00042114-AUDIO-2023-03-30-23-25-57,1
00042115-AUDIO-2023-03-31-00-04-37,1
00042246-AUDIO-2023-04-01-00-28-22,0
00042521-AUDIO-2023-04-02-10-56-36,1
00042578-AUDIO-2023-04-02-14-15-01,1
00042708-AUDIO-2023-04-03-11-43-04,1
00042745-AUDIO-2023-04-03-13-05-30,1
00042746-AUDIO-2023-04-03-13-58-01,1
00042771-AUDIO-2023-04-03-17-07-13,0
00042781-AUDIO-2023-04-03-17-53-15,0
00042843-AUDIO-2023-04-04-18-10-04,0
00042952-AUDIO-2023-04-05-12-29-49,1
00042969-AUDIO-2023-04-05-13-52-59,1
00042970-AUDIO-2023-04-05-13-54-23,1
00042994-AUDIO-2023-04-05-18-00-52,1
00043020-AUDIO-2023-04-05-19-03-54,0
00043045-AUDIO-2023-04-05-20-42-05,0
00043046-AUDIO-2023-04-05-21-10-29,1
00043111-AUDIO-2023-04-06-10-55-17,0
00043112-AUDIO-2023-04-06-10-55-54,0
00043219-AUDIO-2023-04-07-09-24-29,1
00043304-AUDIO-2023-04-11-12-37-10,1
00043312-AUDIO-2023-04-11-12-40-06,1
00043323-AUDIO-2023-04-11-15-40-19,0
00043366-AUDIO-2023-04-12-08-48-18,1
00043427-AUDIO-2023-04-12-14-12-57,1
00043483-AUDIO-2023-04-13-10-23-03,1
00043495-AUDIO-2023-04-13-12-55-00,1
00043508-AUDIO-2023-04-13-12-58-22,1
00043510-AUDIO-2023-04-13-12-58-39,1
00043514-AUDIO-2023-04-13-12-59-16,1
00043541-AUDIO-2023-04-13-14-26-16,1
00043542-AUDIO-2023-04-13-14-26-30,1
00044136-AUDIO-2023-04-17-13-40-49,1
00044137-AUDIO-2023-04-17-13-41-16,1
00044138-AUDIO-2023-04-17-13-41-50,1
00044178-AUDIO-2023-04-17-20-33-46,1
00044192-AUDIO-2023-04-17-20-35-36,1
00044212-AUDIO-2023-04-17-20-37-48,1
00044217-AUDIO-2023-04-17-20-39-07,1
00044230-AUDIO-2023-04-17-20-40-49,1
00044615-AUDIO-2023-04-18-15-04-19,1
00044729-AUDIO-2023-04-19-09-55-16,1
00044734-AUDIO-2023-04-19-11-14-04,1
00044735-AUDIO-2023-04-19-11-20-56,1
00044748-AUDIO-2023-04-19-13-24-15,1
00044901-AUDIO-2023-04-20-22-33-06,1
00045130-AUDIO-2023-04-22-00-20-03,1
00045186-AUDIO-2023-04-22-10-51-59,0
00045197-AUDIO-2023-04-22-14-03-14,1
00045202-AUDIO-2023-04-22-16-07-02,0
00045371-AUDIO-2023-04-23-17-21-56,0
00045418-AUDIO-2023-04-23-21-21-39,1
00045419-AUDIO-2023-04-23-21-22-47,1
00045542-AUDIO-2023-04-24-11-26-03,0
00045543-AUDIO-2023-04-24-11-38-33,1
00045557-AUDIO-2023-04-24-15-32-38,1
00045584-AUDIO-2023-04-24-18-49-17,0
00045658-AUDIO-2023-04-24-20-55-05,0
00045876-AUDIO-2023-04-25-13-08-31,0
00046086-AUDIO-2023-04-25-20-07-44,1
00046140-AUDIO-2023-04-26-08-44-51,1
00046172-AUDIO-2023-04-26-14-21-13,1
00046173-AUDIO-2023-04-26-14-21-35,1
00046192-AUDIO-2023-04-26-14-45-51,0
00046266-AUDIO-2023-04-26-19-12-49,1
00046270-AUDIO-2023-04-26-20-23-04,0
00046271-AUDIO-2023-04-26-20-24-32,0
00046272-AUDIO-2023-04-26-20-30-31,0
00046273-AUDIO-2023-04-26-20-30-31,0
00046274-AUDIO-2023-04-26-20-58-56,1
00046275-AUDIO-2023-04-26-20-59-29,1
00046279-AUDIO-2023-04-26-21-01-04,1
00046292-AUDIO-2023-04-26-23-30-47,1
00046361-AUDIO-2023-04-27-00-05-49,0
00046445-AUDIO-2023-04-27-11-34-54,1
00046459-AUDIO-2023-04-27-12-17-27,0
00046486-AUDIO-2023-04-27-18-03-32,0
00046493-AUDIO-2023-04-27-19-40-24,1
00046647-AUDIO-2023-04-28-21-16-34,0
00046762-AUDIO-2023-04-29-12-02-20,0
00047096-AUDIO-2023-04-30-15-38-10,1
00047368-AUDIO-2023-05-02-14-24-04,0
00047377-AUDIO-2023-05-02-15-39-35,1
00047383-AUDIO-2023-05-02-15-41-04,1
00047509-AUDIO-2023-05-03-08-34-26,1
00047514-AUDIO-2023-05-03-09-02-29,1
00047515-AUDIO-2023-05-03-09-03-32,1
00047541-AUDIO-2023-05-03-14-06-48,1
00047602-AUDIO-2023-05-03-16-28-57,1
00047606-AUDIO-2023-05-03-16-32-38,1
00047607-AUDIO-2023-05-03-16-38-14,1
00047685-AUDIO-2023-05-03-20-48-34,1
00047720-AUDIO-2023-05-04-09-20-30,1
00047722-AUDIO-2023-05-04-11-38-22,1
00047727-AUDIO-2023-05-04-11-50-09,0
00047886-AUDIO-2023-05-04-23-52-59,1
00048099-AUDIO-2023-05-05-16-56-59,0
00048140-AUDIO-2023-05-05-20-48-26,1
00048170-AUDIO-2023-05-06-01-50-55,0
00048174-AUDIO-2023-05-06-02-11-30,0
00048195-AUDIO-2023-05-06-10-10-32,1
00048221-AUDIO-2023-05-06-17-50-03,0
00048342-AUDIO-2023-05-07-13-31-25,0
00048498-AUDIO-2023-05-08-11-47-35,0
00048504-AUDIO-2023-05-08-12-18-28,1
00048568-AUDIO-2023-05-08-16-57-37,1
00048687-AUDIO-2023-05-09-07-39-18,1
00048979-AUDIO-2023-05-11-14-35-32,0
00049388-AUDIO-2023-05-13-15-09-29,0
00049410-AUDIO-2023-05-13-15-12-34,1
00049509-AUDIO-2023-05-14-15-56-41,0
00049580-AUDIO-2023-05-15-14-32-05,0
00049588-AUDIO-2023-05-15-14-46-30,1
00049713-AUDIO-2023-05-16-14-46-02,1
00049786-AUDIO-2023-05-17-17-05-44,0
00049793-AUDIO-2023-05-17-18-47-28,1
00049825-AUDIO-2023-05-17-22-54-57,0
00049886-AUDIO-2023-05-18-10-45-22,1
00050126-AUDIO-2023-05-19-21-28-51,1
00050406-AUDIO-2023-05-20-23-55-03,0
00050573-AUDIO-2023-05-22-00-16-03,0
00050776-AUDIO-2023-05-23-10-02-06,1
00050805-AUDIO-2023-05-23-14-13-21,1
00050838-AUDIO-2023-05-23-17-16-13,1
00050840-AUDIO-2023-05-23-18-03-02,1
00051185-AUDIO-2023-05-25-09-55-42,1
00051336-AUDIO-2023-05-25-23-49-27,0
00051488-AUDIO-2023-05-26-23-24-24,0
00051544-AUDIO-2023-05-27-15-35-11,0
00052109-AUDIO-2023-05-30-09-57-33,1
00052370-AUDIO-2023-05-31-11-20-07,1
00052389-AUDIO-2023-05-31-13-23-15,0
00052462-AUDIO-2023-05-31-16-30-19,0
00052519-AUDIO-2023-06-01-09-41-19,0
00052538-AUDIO-2023-06-01-14-53-00,1
00052539-AUDIO-2023-06-01-14-53-53,1
00052553-AUDIO-2023-06-01-17-32-27,0
00052653-AUDIO-2023-06-02-12-01-49,1
00052654-AUDIO-2023-06-02-12-02-56,1
00052957-AUDIO-2023-06-03-22-57-19,0
00052971-AUDIO-2023-06-04-13-52-44,1
00052982-AUDIO-2023-06-04-14-05-53,0
00052990-AUDIO-2023-06-04-14-51-30,1
00053039-AUDIO-2023-06-04-18-35-57,1
00053114-AUDIO-2023-06-04-20-06-44,1
00053153-AUDIO-2023-06-05-11-25-01,1
00053180-AUDIO-2023-06-05-15-32-29,0
00053341-AUDIO-2023-06-06-10-39-38,1
00053367-AUDIO-2023-06-06-11-24-05,1
00053372-AUDIO-2023-06-06-12-32-28,0
00053404-AUDIO-2023-06-06-19-05-56,0
00053560-AUDIO-2023-06-07-15-15-38,1
00053729-AUDIO-2023-06-08-13-16-15,1
00053838-AUDIO-2023-06-09-14-54-16,1
00053843-AUDIO-2023-06-09-16-06-56,0
00053858-AUDIO-2023-06-09-21-29-56,0
00053867-AUDIO-2023-06-10-00-37-30,0
00054112-AUDIO-2023-06-11-23-50-09,0
00054228-AUDIO-2023-06-12-18-25-22,0
00054453-AUDIO-2023-06-15-10-54-50,1
00054521-AUDIO-2023-06-16-15-40-41,0
00054571-AUDIO-2023-06-16-19-30-43,1
00054717-AUDIO-2023-06-19-19-23-47,1
00054721-AUDIO-2023-06-20-10-18-19,0
00054884-AUDIO-2023-06-21-12-18-27,1
00054953-AUDIO-2023-06-22-12-22-15,1
00054989-AUDIO-2023-06-22-19-07-02,1
00054990-AUDIO-2023-06-22-19-07-17,1
00055221-AUDIO-2023-06-25-16-57-15,0
00055319-AUDIO-2023-06-26-18-37-36,0
00055321-AUDIO-2023-06-26-18-40-59,0
00055435-AUDIO-2023-06-27-17-46-43,1
00055465-AUDIO-2023-06-28-18-26-00,0
00055467-AUDIO-2023-06-28-19-21-18,1
00055491-AUDIO-2023-06-28-22-16-05,0
00055498-AUDIO-2023-06-28-23-29-12,1
00055499-AUDIO-2023-06-28-23-29-17,1
00055796-AUDIO-2023-06-29-14-28-11,0
00055807-AUDIO-2023-06-29-15-59-43,0
00056033-AUDIO-2023-06-30-21-36-11,0
00056199-AUDIO-2023-07-01-19-01-01,1
00056426-AUDIO-2023-07-03-00-11-46,0
00056494-AUDIO-2023-07-03-04-53-13,1
00056602-AUDIO-2023-07-03-20-12-23,1
00056659-AUDIO-2023-07-04-06-24-00,1
00056704-AUDIO-2023-07-04-20-34-31,0
00056751-AUDIO-2023-07-05-06-07-58,1
00056858-AUDIO-2023-07-06-04-20-32,1
00056940-AUDIO-2023-07-07-05-29-03,1
00057043-AUDIO-2023-07-08-06-18-32,1
00057081-AUDIO-2023-07-08-16-47-06,1
00057082-AUDIO-2023-07-08-16-47-58,1
00057149-AUDIO-2023-07-08-21-27-52,0
00057159-AUDIO-2023-07-08-23-53-24,1
00057214-AUDIO-2023-07-09-06-20-36,1
00057215-AUDIO-2023-07-09-06-24-50,1
00057280-AUDIO-2023-07-09-22-31-22,1
00057286-AUDIO-2023-07-09-22-32-26,1
00057334-AUDIO-2023-07-10-00-06-33,0
00057335-AUDIO-2023-07-10-00-26-24,1
00057336-AUDIO-2023-07-10-00-26-34,1
00057363-AUDIO-2023-07-10-04-38-06,1
00057376-AUDIO-2023-07-10-19-22-06,0
00057408-AUDIO-2023-07-11-01-53-56,1
00057411-AUDIO-2023-07-11-04-45-35,1
00057599-AUDIO-2023-07-12-05-45-40,1
00057670-AUDIO-2023-07-13-00-39-29,1
00057766-AUDIO-2023-07-13-05-07-52,1
00057767-AUDIO-2023-07-13-05-08-17,1
00057768-AUDIO-2023-07-13-05-08-58,1
00057781-AUDIO-2023-07-13-14-49-42,1
00057903-AUDIO-2023-07-14-05-35-55,1
00057993-AUDIO-2023-07-15-06-22-44,1
00058012-AUDIO-2023-07-15-15-27-10,0
00058198-AUDIO-2023-07-16-05-49-32,1
00058274-AUDIO-2023-07-17-05-17-14,1
00058356-AUDIO-2023-07-17-20-32-47,0
00058357-AUDIO-2023-07-17-20-37-25,0
00058378-AUDIO-2023-07-17-22-33-52,1
00058417-AUDIO-2023-07-18-02-35-04,1
00058419-AUDIO-2023-07-18-05-21-55,1
00058566-AUDIO-2023-07-19-05-26-59,1
00058639-AUDIO-2023-07-20-04-31-47,1
00058738-AUDIO-2023-07-20-22-19-00,1
00058818-AUDIO-2023-07-21-20-32-06,0
00058826-AUDIO-2023-07-21-21-18-14,1
00058874-AUDIO-2023-07-22-09-55-18,1
00058928-AUDIO-2023-07-22-19-29-56,1
00059010-AUDIO-2023-07-23-04-38-29,1
00059172-AUDIO-2023-07-24-06-14-00,1
00059357-AUDIO-2023-07-25-20-49-03,1
00059453-AUDIO-2023-07-26-04-45-23,1
00059547-AUDIO-2023-07-27-05-15-01,1
00059624-AUDIO-2023-07-27-17-23-20,0
00059667-AUDIO-2023-07-28-01-24-18,1
00059672-AUDIO-2023-07-28-02-30-41,0
00059720-AUDIO-2023-07-28-05-32-02,1
00059767-AUDIO-2023-07-28-18-36-39,0
00059793-AUDIO-2023-07-28-21-03-13,1
00059861-AUDIO-2023-07-29-07-39-32,1
00059915-AUDIO-2023-07-30-01-15-28,0
00060111-AUDIO-2023-07-31-05-35-23,1
00060172-AUDIO-2023-07-31-19-55-08,1
00060220-AUDIO-2023-08-01-01-44-04,1
00060223-AUDIO-2023-08-01-05-30-28,1
00060407-AUDIO-2023-08-02-05-08-04,1
00060567-AUDIO-2023-08-03-04-51-39,1
00060649-AUDIO-2023-08-03-21-13-02,1
00060724-AUDIO-2023-08-04-21-03-38,0
00060787-AUDIO-2023-08-05-01-28-00,1
00060836-AUDIO-2023-08-05-05-59-43,1
00060871-AUDIO-2023-08-05-17-43-50,0
00060898-AUDIO-2023-08-05-20-03-11,0
00061186-AUDIO-2023-08-07-04-22-26,1
00061317-AUDIO-2023-08-08-04-41-24,1
00061358-AUDIO-2023-08-08-19-13-23,1
00061500-AUDIO-2023-08-09-18-54-27,1
00061561-AUDIO-2023-08-10-06-11-56,1
00061856-AUDIO-2023-08-11-04-31-07,1
00061896-AUDIO-2023-08-11-18-25-26,0
00061915-AUDIO-2023-08-11-18-43-23,1
00062418-AUDIO-2023-08-13-19-28-09,0
00062425-AUDIO-2023-08-13-19-45-19,0
00062466-AUDIO-2023-08-14-02-02-17,0
00062548-AUDIO-2023-08-14-06-00-38,1
00062549-AUDIO-2023-08-14-06-01-15,1
00062740-AUDIO-2023-08-15-04-02-54,1
00062861-AUDIO-2023-08-16-02-17-53,1
00062862-AUDIO-2023-08-16-05-22-10,1
00063071-AUDIO-2023-08-17-04-40-58,1
00063089-AUDIO-2023-08-17-18-32-37,0
00063106-AUDIO-2023-08-17-23-53-58,1
00063138-AUDIO-2023-08-18-01-16-43,1
00063139-AUDIO-2023-08-18-05-52-36,1
00063156-AUDIO-2023-08-18-15-06-43,1
00063341-AUDIO-2023-08-19-06-56-34,1
00063437-AUDIO-2023-08-20-08-09-40,1
00063465-AUDIO-2023-08-20-18-53-00,0
00063478-AUDIO-2023-08-20-18-54-18,1
00063498-AUDIO-2023-08-21-03-59-15,1
00063609-AUDIO-2023-08-22-01-34-38,1
00063610-AUDIO-2023-08-22-06-17-41,1
00063611-AUDIO-2023-08-22-06-17-46,1
00063618-AUDIO-2023-08-22-09-49-15,0
00063665-AUDIO-2023-08-22-16-54-25,1
00063757-AUDIO-2023-08-23-05-32-12,1
00063888-AUDIO-2023-08-24-19-03-30,1
00063889-AUDIO-2023-08-24-19-04-21,1
00063991-AUDIO-2023-08-25-06-15-52,1
00064241-AUDIO-2023-08-26-05-37-15,1
00064271-AUDIO-2023-08-26-16-50-55,0
00064276-AUDIO-2023-08-26-18-25-25,1
00064284-AUDIO-2023-08-26-18-50-11,0
00064315-AUDIO-2023-08-26-22-05-43,1
00064365-AUDIO-2023-08-27-04-02-27,1
00064374-AUDIO-2023-08-27-14-12-54,0
00064378-AUDIO-2023-08-27-14-59-51,0
00064393-AUDIO-2023-08-27-17-42-15,1
00064395-AUDIO-2023-08-27-17-43-53,1
00064454-AUDIO-2023-08-28-06-31-37,1
00064509-AUDIO-2023-08-29-16-45-37,1
00064573-AUDIO-2023-08-29-20-42-56,1
00064600-AUDIO-2023-08-30-05-41-14,1
00064733-AUDIO-2023-08-31-19-58-56,0
00064751-AUDIO-2023-08-31-20-46-17,1
00064784-AUDIO-2023-09-01-05-21-38,1
00064819-AUDIO-2023-09-01-16-00-43,0
00064867-AUDIO-2023-09-01-21-00-32,1
00064868-AUDIO-2023-09-01-21-01-05,1
00064871-AUDIO-2023-09-02-00-44-32,1
00064914-AUDIO-2023-09-02-06-41-08,1
00065198-AUDIO-2023-09-06-21-17-31,0
00065284-AUDIO-2023-09-11-06-08-42,1
00065366-AUDIO-2023-09-11-22-28-32,0
00065431-AUDIO-2023-09-12-06-44-10,1
00065437-AUDIO-2023-09-12-10-03-24,0
00065526-AUDIO-2023-09-12-20-58-09,1
00065527-AUDIO-2023-09-12-20-58-43,1
00065581-AUDIO-2023-09-13-06-35-29,1
00065678-AUDIO-2023-09-13-21-05-07,1
00065700-AUDIO-2023-09-14-00-25-21,1
00065712-AUDIO-2023-09-14-00-39-25,1
00065719-AUDIO-2023-09-14-00-42-16,1
00065884-AUDIO-2023-09-14-21-17-06,1
00065965-AUDIO-2023-09-15-07-02-59,1
00066652-AUDIO-2023-09-19-20-43-49,1
00066653-AUDIO-2023-09-19-20-47-51,1
00066748-AUDIO-2023-09-20-21-51-33,1
00066938-AUDIO-2023-09-21-18-50-27,0
00067216-AUDIO-2023-09-23-19-14-07,0
00067253-AUDIO-2023-09-23-23-00-23,0
00067431-AUDIO-2023-09-25-14-09-37,1
00067452-AUDIO-2023-09-25-15-08-41,1
00067462-AUDIO-2023-09-25-19-03-20,0
00067481-AUDIO-2023-09-25-20-56-01,0
00067561-AUDIO-2023-09-26-08-26-23,1
00067575-AUDIO-2023-09-26-09-04-44,0
00067586-AUDIO-2023-09-26-11-19-30,1
00067879-AUDIO-2023-09-28-10-03-39,0
00068009-AUDIO-2023-09-28-20-17-46,0
00068091-AUDIO-2023-09-29-14-31-14,0
00068094-AUDIO-2023-09-29-17-44-04,0
00068117-AUDIO-2023-09-29-22-56-35,0
00068241-AUDIO-2023-09-30-11-06-03,0
00068274-AUDIO-2023-09-30-14-42-41,0
00068327-AUDIO-2023-09-30-21-45-24,0
00068445-AUDIO-2023-10-01-16-14-44,1
00068895-AUDIO-2023-10-03-20-57-24,0
00069111-AUDIO-2023-10-04-19-42-18,1
00069224-AUDIO-2023-10-05-11-07-34,1
00069298-AUDIO-2023-10-05-23-36-42,1
00069353-AUDIO-2023-10-06-14-41-24,1
00069373-AUDIO-2023-10-06-18-02-25,0
00069580-AUDIO-2023-10-07-07-18-21,0
00069652-AUDIO-2023-10-07-17-33-24,0
00069713-AUDIO-2023-10-07-22-49-48,1
00070184-AUDIO-2023-10-10-11-37-08,1
00070509-AUDIO-2023-10-15-21-00-20,1
00070594-AUDIO-2023-10-16-14-28-06,1
00070651-AUDIO-2023-10-16-21-31-10,1
00070652-AUDIO-2023-10-16-21-31-33,1
00070848-AUDIO-2023-10-17-22-28-15,1
00070849-AUDIO-2023-10-17-22-28-18,1
00070861-AUDIO-2023-10-17-22-32-15,1
00071041-AUDIO-2023-10-18-14-15-44,1
00071049-AUDIO-2023-10-18-16-44-02,0
00071050-AUDIO-2023-10-18-16-46-02,0
00071487-AUDIO-2023-10-20-14-47-05,1
00071494-AUDIO-2023-10-20-16-02-20,1
00071934-AUDIO-2023-10-23-11-07-33,1
00071960-AUDIO-2023-10-23-18-54-07,0
00071969-AUDIO-2023-10-23-19-47-33,0
00072002-AUDIO-2023-10-23-23-27-05,1
00072081-AUDIO-2023-10-24-08-20-32,1
00072269-AUDIO-2023-10-31-09-33-36,1
00072270-AUDIO-2023-10-31-09-35-10,1
00072286-AUDIO-2023-10-31-11-10-23,0
00072287-AUDIO-2023-10-31-11-11-06,0
00072303-AUDIO-2023-10-31-11-35-25,1
00072686-AUDIO-2023-11-02-23-38-25,1
00072720-AUDIO-2023-11-03-05-31-29,1
00072750-AUDIO-2023-11-03-12-02-08,0
00072931-AUDIO-2023-11-04-23-01-15,0
00073080-AUDIO-2023-11-05-16-11-01,1
00073249-AUDIO-2023-11-06-14-34-06,1
00073333-AUDIO-2023-11-07-14-25-25,1
00073472-AUDIO-2023-11-08-18-37-19,1
00074156-AUDIO-2023-11-13-20-12-50,0
00074265-AUDIO-2023-11-14-08-34-23,1
00074286-AUDIO-2023-11-14-14-21-29,1
00074287-AUDIO-2023-11-14-14-21-50,1
00074418-AUDIO-2023-11-15-11-35-57,1
00074489-AUDIO-2023-11-15-18-23-56,1
00074622-AUDIO-2023-11-16-10-40-51,1
00074631-AUDIO-2023-11-16-14-10-12,0
00074632-AUDIO-2023-11-16-14-10-39,0
00074679-AUDIO-2023-11-16-18-21-17,1
00074783-AUDIO-2023-11-17-13-02-06,1
00074910-AUDIO-2023-11-17-20-41-37,1
00074965-AUDIO-2023-11-18-11-52-36,1
00075066-AUDIO-2023-11-19-19-00-45,1
00075157-AUDIO-2023-11-20-10-26-44,1
00075201-AUDIO-2023-11-20-18-32-01,1
00075209-AUDIO-2023-11-20-18-39-31,1
00075236-AUDIO-2023-11-20-19-29-03,0
00075330-AUDIO-2023-11-21-10-40-34,1
00075355-AUDIO-2023-11-21-16-09-15,0
00075560-AUDIO-2023-11-22-19-34-27,1
00075561-AUDIO-2023-11-22-19-35-06,1
00075731-AUDIO-2023-11-23-18-59-25,0
00075809-AUDIO-2023-11-23-21-42-54,1
00075886-AUDIO-2023-11-24-14-14-58,1
00075887-AUDIO-2023-11-24-14-15-27,1
00075959-AUDIO-2023-11-25-11-25-04,1
00076015-AUDIO-2023-11-25-19-33-26,0
00076130-AUDIO-2023-11-26-14-20-58,1
00076164-AUDIO-2023-11-26-20-34-51,1
00076272-AUDIO-2023-11-28-09-57-20,0
00076281-AUDIO-2023-11-28-11-16-30,1
00076311-AUDIO-2023-11-28-21-51-17,1
00076312-AUDIO-2023-11-28-21-51-37,1
00076336-AUDIO-2023-11-29-10-26-18,0
00076339-AUDIO-2023-11-29-11-46-53,1
00076345-AUDIO-2023-11-29-14-52-19,0
00076357-AUDIO-2023-11-29-19-21-02,0
00076363-AUDIO-2023-11-29-20-28-18,1
00076364-AUDIO-2023-11-29-20-28-18,1
00076594-AUDIO-2023-12-01-17-18-22,0
00076801-AUDIO-2023-12-03-22-51-50,0
00076824-AUDIO-2023-12-04-01-33-37,1
00076825-AUDIO-2023-12-04-01-33-57,1
00076994-AUDIO-2023-12-04-23-13-38,1
00077026-AUDIO-2023-12-04-23-43-29,1
00077223-AUDIO-2023-12-05-23-39-31,0
00077441-AUDIO-2023-12-12-11-31-26,1
00077455-AUDIO-2023-12-12-14-11-42,1
00077497-AUDIO-2023-12-12-20-17-33,0
00077572-AUDIO-2023-12-13-13-27-12,0
00077582-AUDIO-2023-12-13-14-18-47,1
00077669-AUDIO-2023-12-14-09-54-19,1
00077735-AUDIO-2023-12-14-20-28-31,0
00077742-AUDIO-2023-12-15-00-13-11,1
00077788-AUDIO-2023-12-15-06-37-18,0
00077792-AUDIO-2023-12-15-10-49-41,1
00077815-AUDIO-2023-12-15-13-51-24,0
00077888-AUDIO-2023-12-15-21-51-27,1
00077889-AUDIO-2023-12-15-21-51-49,1
00077890-AUDIO-2023-12-15-21-59-14,1
00078033-AUDIO-2023-12-16-18-45-00,1
00078048-AUDIO-2023-12-16-21-23-14,0
00078136-AUDIO-2023-12-17-21-48-42,1
00078180-AUDIO-2023-12-18-11-44-32,1
00078316-AUDIO-2023-12-19-11-06-00,1
00078494-AUDIO-2023-12-20-11-28-02,1
00078498-AUDIO-2023-12-20-12-32-59,1
00078648-AUDIO-2023-12-21-18-45-42,1
00078662-AUDIO-2023-12-21-21-28-19,1
00078717-AUDIO-2023-12-22-10-47-13,0
00078724-AUDIO-2023-12-22-12-20-36,1
00078811-AUDIO-2023-12-22-22-53-43,1
00078900-AUDIO-2023-12-23-03-47-00,0
00078905-AUDIO-2023-12-23-11-45-18,1
00079143-AUDIO-2023-12-24-14-31-50,1
00079316-AUDIO-2023-12-25-13-39-04,1
00079700-AUDIO-2023-12-31-14-48-13,0
00079714-AUDIO-2023-12-31-17-02-29,0
00079933-AUDIO-2024-01-01-23-13-42,0
00079974-AUDIO-2024-01-02-17-48-29,1
00079978-AUDIO-2024-01-02-18-36-03,1
00079991-AUDIO-2024-01-02-21-28-33,1
00080455-AUDIO-2024-01-06-11-12-51,0
00080508-AUDIO-2024-01-06-23-00-56,0
00080805-AUDIO-2024-01-08-18-26-14,0
00080906-AUDIO-2024-01-09-18-57-52,1
00080931-AUDIO-2024-01-09-21-17-51,1
00080983-AUDIO-2024-01-10-09-43-55,1
00081171-AUDIO-2024-01-11-15-22-23,0
00081173-AUDIO-2024-01-11-15-23-34,0
00081196-AUDIO-2024-01-11-19-49-55,0
00081199-AUDIO-2024-01-11-20-36-21,1
00081250-AUDIO-2024-01-12-11-09-13,1
00081282-AUDIO-2024-01-12-18-55-12,0
00081383-AUDIO-2024-01-13-15-12-40,0
00081539-AUDIO-2024-01-14-11-16-00,0
00081541-AUDIO-2024-01-14-11-16-13,0
00081542-AUDIO-2024-01-14-11-16-18,0
00081543-AUDIO-2024-01-14-11-16-21,0
00081544-AUDIO-2024-01-14-11-16-24,0
00081728-AUDIO-2024-01-15-18-44-26,1
00081810-AUDIO-2024-01-15-20-59-56,1
00081845-AUDIO-2024-01-16-10-22-56,1
00081853-AUDIO-2024-01-16-13-02-18,1
00081857-AUDIO-2024-01-16-14-52-19,1
00082000-AUDIO-2024-01-17-18-11-54,1
00082012-AUDIO-2024-01-17-18-14-26,1
00082077-AUDIO-2024-01-18-11-32-01,0
00082107-AUDIO-2024-01-19-12-17-59,1
00082122-AUDIO-2024-01-19-13-00-56,1
00082147-AUDIO-2024-01-19-17-17-39,0
00082165-AUDIO-2024-01-19-17-42-29,1
00082219-AUDIO-2024-01-20-12-22-33,1
00082221-AUDIO-2024-01-20-13-33-00,0
00082286-AUDIO-2024-01-21-13-21-28,0
00082287-AUDIO-2024-01-21-13-21-42,0
00082296-AUDIO-2024-01-21-14-21-49,1
00082356-AUDIO-2024-01-22-09-07-14,1
00082485-AUDIO-2024-01-23-14-54-29,1
00082501-AUDIO-2024-01-23-20-34-51,1
00082774-AUDIO-2024-01-29-13-20-51,1
00082783-AUDIO-2024-01-29-14-19-18,0
00082784-AUDIO-2024-01-29-14-19-32,0
00082785-AUDIO-2024-01-29-14-20-05,0
00082798-AUDIO-2024-01-29-14-56-33,1
00082804-AUDIO-2024-01-29-15-35-54,0
00083390-AUDIO-2024-02-02-13-56-36,0
00083528-AUDIO-2024-02-03-09-44-37,0
00083683-AUDIO-2024-02-04-18-54-35,0
00083746-AUDIO-2024-02-05-13-42-20,1
00084090-AUDIO-2024-02-08-15-00-35,0
00084104-AUDIO-2024-02-08-15-06-33,1
00084105-AUDIO-2024-02-08-15-07-25,1
00084138-AUDIO-2024-02-08-17-34-43,1
00084327-AUDIO-2024-02-09-18-44-57,0
00084452-AUDIO-2024-02-10-12-29-57,1
00084502-AUDIO-2024-02-10-22-59-35,1
00084548-AUDIO-2024-02-11-13-54-09,1
00084551-AUDIO-2024-02-11-13-55-08,1
00084814-AUDIO-2024-02-12-14-46-28,1
00085081-AUDIO-2024-02-14-17-09-06,1
00085182-AUDIO-2024-02-15-10-54-50,0
00085219-AUDIO-2024-02-15-15-41-38,0
00085336-AUDIO-2024-02-16-13-15-23,1
00085465-AUDIO-2024-02-17-14-54-39,0
00085606-AUDIO-2024-02-19-15-20-15,1
00085607-AUDIO-2024-02-19-15-20-45,1
00085636-AUDIO-2024-02-19-22-07-20,0
00085762-AUDIO-2024-02-21-10-39-19,0
00085765-AUDIO-2024-02-21-11-04-29,1
00085878-AUDIO-2024-02-22-15-01-20,1
00085887-AUDIO-2024-02-22-17-17-19,1
00085907-AUDIO-2024-02-22-20-28-29,0
00085963-AUDIO-2024-02-23-09-03-01,0
00085985-AUDIO-2024-02-23-13-54-39,0
00086309-AUDIO-2024-02-25-13-52-38,0
00086317-AUDIO-2024-02-25-14-53-24,1
00086321-AUDIO-2024-02-25-14-53-57,1
00086608-AUDIO-2024-02-27-17-42-36,0
00086761-AUDIO-2024-02-29-09-58-49,0
00086762-AUDIO-2024-02-29-11-28-28,0
00086796-AUDIO-2024-02-29-15-50-49,1
00086797-AUDIO-2024-02-29-15-51-40,1
00086800-AUDIO-2024-02-29-20-41-37,0
00086861-AUDIO-2024-03-01-15-28-41,0
00086877-AUDIO-2024-03-01-15-52-34,1
00086977-AUDIO-2024-03-02-16-07-57,0
00087085-AUDIO-2024-03-03-17-56-13,1
00087256-AUDIO-2024-03-05-12-35-12,1
00087353-AUDIO-2024-03-06-14-56-16,1
00087367-AUDIO-2024-03-06-15-56-55,0
00087444-AUDIO-2024-03-07-15-41-46,1
00087744-AUDIO-2024-03-10-15-43-22,1
00087854-AUDIO-2024-03-11-12-33-24,1
00087948-AUDIO-2024-03-12-13-20-10,1
00088032-AUDIO-2024-03-13-12-28-44,1
00088050-AUDIO-2024-03-13-17-20-13,0
00088167-AUDIO-2024-03-14-08-36-41,1
00088207-AUDIO-2024-03-14-21-11-25,1
00088237-AUDIO-2024-03-15-11-23-13,1
00088238-AUDIO-2024-03-15-11-26-15,1
00088239-AUDIO-2024-03-15-13-13-38,0
00088271-AUDIO-2024-03-15-18-18-44,1
00088279-AUDIO-2024-03-15-19-09-01,1
00088281-AUDIO-2024-03-15-19-10-17,1
00088289-AUDIO-2024-03-15-20-07-16,0
00088431-AUDIO-2024-03-16-23-19-26,1
00088524-AUDIO-2024-03-17-13-41-31,1
00088592-AUDIO-2024-03-18-08-58-39,1
00088739-AUDIO-2024-03-19-11-12-25,1
00088775-AUDIO-2024-03-19-14-51-19,1
00088850-AUDIO-2024-03-20-14-51-44,1
00088852-AUDIO-2024-03-20-14-52-55,1
00089023-AUDIO-2024-03-22-10-46-32,0
00089024-AUDIO-2024-03-22-10-47-19,0
00089206-AUDIO-2024-03-23-19-13-48,1
00089211-AUDIO-2024-03-23-20-18-09,1
00089229-AUDIO-2024-03-23-20-39-09,1
00089290-AUDIO-2024-03-24-03-13-32,0
00089359-AUDIO-2024-03-24-17-01-32,0
00089460-AUDIO-2024-03-25-12-39-45,1
00089520-AUDIO-2024-03-25-20-58-21,0
00089627-AUDIO-2024-03-26-14-45-38,0
00089644-AUDIO-2024-03-26-15-11-41,1
00089646-AUDIO-2024-03-26-15-12-22,1
00089748-AUDIO-2024-03-27-15-07-27,1
00089764-AUDIO-2024-03-27-16-19-27,1
00089784-AUDIO-2024-03-27-19-02-43,1
00089785-AUDIO-2024-03-27-19-05-17,1
00090321-AUDIO-2024-04-03-15-52-31,1
00090357-AUDIO-2024-04-04-11-05-37,1
00090430-AUDIO-2024-04-05-00-45-02,1
00090431-AUDIO-2024-04-05-00-45-11,1
00090671-AUDIO-2024-04-07-18-01-20,0
00090846-AUDIO-2024-04-09-13-18-08,1
00090924-AUDIO-2024-04-10-15-59-18,1
00090933-AUDIO-2024-04-10-16-15-06,0
00091014-AUDIO-2024-04-11-14-54-28,1
00091068-AUDIO-2024-04-12-09-16-39,0
00091171-AUDIO-2024-04-13-17-39-37,1
00091254-AUDIO-2024-04-14-09-53-43,1
00091421-AUDIO-2024-04-15-21-25-50,1
00091471-AUDIO-2024-04-16-08-31-28,1
00091494-AUDIO-2024-04-16-11-12-14,1
00091540-AUDIO-2024-04-16-19-41-25,1
00091583-AUDIO-2024-04-16-23-48-34,0
00091802-AUDIO-2024-04-18-20-51-38,1
00091841-AUDIO-2024-04-19-12-43-17,1
00091947-AUDIO-2024-04-20-13-14-53,1
00092120-AUDIO-2024-04-20-21-26-04,1
00092121-AUDIO-2024-04-20-21-26-33,1
00092222-AUDIO-2024-04-21-20-26-10,1
00092242-AUDIO-2024-04-22-09-49-24,0
00092334-AUDIO-2024-04-23-10-18-06,0
00092338-AUDIO-2024-04-23-11-07-32,1
00092342-AUDIO-2024-04-23-12-24-57,1
00092705-AUDIO-2024-04-27-15-22-13,1
00092747-AUDIO-2024-04-27-23-44-58,0
00092904-AUDIO-2024-04-29-10-36-43,1
00092964-AUDIO-2024-04-30-12-20-27,1
00093217-AUDIO-2024-05-03-10-17-24,1
00093269-AUDIO-2024-05-03-21-03-57,1
00093425-AUDIO-2024-05-04-21-19-34,0
00093432-AUDIO-2024-05-04-23-27-32,1
00093511-AUDIO-2024-05-05-22-47-09,0
00093534-AUDIO-2024-05-06-11-21-03,1
00093535-AUDIO-2024-05-06-11-23-06,1
00093688-AUDIO-2024-05-07-16-29-20,0
00093702-AUDIO-2024-05-07-19-50-13,1
00093703-AUDIO-2024-05-07-19-50-58,1
00094086-AUDIO-2024-05-09-22-06-20,1
00094286-AUDIO-2024-05-11-20-18-46,0
00094290-AUDIO-2024-05-11-20-29-03,0
00094457-AUDIO-2024-05-12-15-30-05,0
00094481-AUDIO-2024-05-13-10-39-19,1
00094546-AUDIO-2024-05-13-21-23-54,1
00094605-AUDIO-2024-05-14-10-26-18,1
00094859-AUDIO-2024-05-16-00-05-02,0
00094921-AUDIO-2024-05-16-18-01-09,0
00094976-AUDIO-2024-05-17-16-23-57,1
00095126-AUDIO-2024-05-18-09-17-52,0
00095368-AUDIO-2024-05-19-14-52-18,0
00095379-AUDIO-2024-05-19-18-41-54,0
00095600-AUDIO-2024-05-21-08-36-32,0
00095703-AUDIO-2024-05-22-10-15-27,0
00095746-AUDIO-2024-05-22-19-48-16,0
00095837-AUDIO-2024-05-23-18-52-39,1
00096090-AUDIO-2024-05-24-14-58-01,0
00096390-AUDIO-2024-05-26-14-27-05,0
00096401-AUDIO-2024-05-26-17-31-33,0
00096822-AUDIO-2024-05-28-12-55-06,1
00096823-AUDIO-2024-05-28-13-51-09,0
00096828-AUDIO-2024-05-28-14-50-25,1
00097018-AUDIO-2024-05-30-10-22-57,1
00097155-AUDIO-2024-05-31-00-09-52,0
00097430-AUDIO-2024-06-01-15-09-32,0
00097786-AUDIO-2024-06-05-14-45-18,0
00098111-AUDIO-2024-06-09-15-43-58,1
00098339-AUDIO-2024-06-10-19-28-56,0
00099044-AUDIO-2024-06-14-19-17-15,1
00099047-AUDIO-2024-06-14-20-32-11,1
00099106-AUDIO-2024-06-15-11-34-42,0
00099340-AUDIO-2024-06-17-19-49-22,1
00099449-AUDIO-2024-06-18-15-37-14,1
00099556-AUDIO-2024-06-19-00-44-26,1
00099558-AUDIO-2024-06-19-05-32-04,0
00099586-AUDIO-2024-06-19-16-26-35,1
00099590-AUDIO-2024-06-19-16-41-05,0
00099883-AUDIO-2024-06-21-12-45-47,0
00100093-AUDIO-2024-06-24-09-09-04,0
00100111-AUDIO-2024-06-24-12-56-04,0
00100123-AUDIO-2024-06-24-13-13-35,1
00100124-AUDIO-2024-06-24-13-14-00,1
00100138-AUDIO-2024-06-24-20-10-17,1
00100170-AUDIO-2024-06-24-23-35-48,0
00100216-AUDIO-2024-06-25-10-34-44,1
00100217-AUDIO-2024-06-25-10-42-13,1
00100287-AUDIO-2024-06-25-17-13-59,1
00100778-AUDIO-2024-06-29-13-26-14,0
00100897-AUDIO-2024-06-30-01-57-06,0
00101066-AUDIO-2024-07-01-12-03-41,0
00101299-AUDIO-2024-07-02-13-35-39,1
00101302-AUDIO-2024-07-02-15-52-13,0
00101378-AUDIO-2024-07-03-01-12-26,1
00101379-AUDIO-2024-07-03-10-54-29,0
00101391-AUDIO-2024-07-03-13-14-06,0
00101398-AUDIO-2024-07-03-13-27-56,1
00101399-AUDIO-2024-07-03-13-29-46,1
00101400-AUDIO-2024-07-03-13-31-20,1
00101615-AUDIO-2024-07-05-14-23-00,1
00101781-AUDIO-2024-07-06-18-49-24,0
00102304-AUDIO-2024-07-09-19-05-37,0
00102580-AUDIO-2024-07-12-00-33-05,1
00102590-AUDIO-2024-07-12-14-22-48,0
00102781-AUDIO-2024-07-13-22-31-34,0
00102877-AUDIO-2024-07-14-15-02-58,0
00102889-AUDIO-2024-07-14-16-10-28,1
00102890-AUDIO-2024-07-14-16-10-55,1
00103102-AUDIO-2024-07-15-22-35-43,0
00103117-AUDIO-2024-07-15-22-37-49,1
00103145-AUDIO-2024-07-16-00-12-16,0
00103233-AUDIO-2024-07-16-20-05-47,1
00103234-AUDIO-2024-07-16-22-48-31,1
00103408-AUDIO-2024-07-17-20-49-14,0
00103501-AUDIO-2024-07-18-17-13-18,1
00103987-AUDIO-2024-07-26-13-09-54,1
00104021-AUDIO-2024-07-26-21-17-29,1
00104335-AUDIO-2024-07-28-15-14-58,0
00104372-AUDIO-2024-07-28-17-13-20,1
00104400-AUDIO-2024-07-28-22-35-43,0
00104523-AUDIO-2024-07-29-18-48-44,0
00104564-AUDIO-2024-07-29-23-55-19,0
00104568-AUDIO-2024-07-30-01-13-29,1
00104705-AUDIO-2024-07-30-22-05-52,0
00104948-AUDIO-2024-08-01-22-17-14,0
00104954-AUDIO-2024-08-01-23-23-05,1
00105009-AUDIO-2024-08-02-16-32-30,1
00105015-AUDIO-2024-08-02-20-03-04,0
00105653-AUDIO-2024-08-07-16-07-11,0
00105757-AUDIO-2024-08-08-13-57-50,0
00105778-AUDIO-2024-08-08-15-39-50,1
00105845-AUDIO-2024-08-08-20-13-44,0
00106198-AUDIO-2024-08-10-21-09-07,0
00106280-AUDIO-2024-08-11-14-40-08,0
00106519-AUDIO-2024-08-12-20-42-33,0
00106648-AUDIO-2024-08-13-19-11-41,0
00106762-AUDIO-2024-08-14-01-33-03,0
00106832-AUDIO-2024-08-14-15-41-11,0
00107112-AUDIO-2024-08-15-13-17-53,1
00107137-AUDIO-2024-08-18-20-56-31,1
00107148-AUDIO-2024-08-18-21-34-58,0
